chr,SNP,RefSNP Alleles,MAF
HLA-A,rs1059514,G>A/G,A: 48.323% (2420 / 5008); G: 51.677% (2588 / 5008)
HLA-A,rs1059516,T>C/T,C: 28.288% (294.760 / 1042.000); T: 71.712% (747.240 / 1042.000)
HLA-A,rs1059517,A>A/C,A: 66.094% (3310 / 5008); C: 33.906% (1698 / 5008)
HLA-A,rs1059520,G>A/C/G/T,A: 30.678% (34768 / 113332); G: 69.322% (78564 / 113332)
HLA-A,rs1059526,G>A/G/T,A: 7.149% (358 / 5008); G: 92.851% (4650 / 5008)
HLA-A,rs1059535,C>C/T,C: 91.314% (4573 / 5008); T: 8.686% (435 / 5008)
HLA-A,rs1059536,A>A/G/T,A: 81.960% (97710 / 119217); G: 18.040% (21507 / 119217)
HLA-A,rs1059537,G>A/C/G/T,C: 2.756% (138 / 5008); G: 94.429% (4729 / 5008); T: 2.816% (141 / 5008)
HLA-A,rs9256983,A>A/C/G/T,A: 25.005% (29176 / 116680); C: 18.390% (21457 / 116680); G: 2.802% (3269 / 116680); T: 53.804% (62778 / 116680)
HLA-A,rs9260155,T>A/C/G/T,C: 38.478% (1927 / 5008); T: 61.522% (3081 / 5008)
HLA-A,rs9260156,T>A/G/T,A: 22.857% (26570 / 116244); G: 23.103% (26856 / 116244); T: 54.040% (62818 / 116244)
HLA-A,rs9260157,C>A/C/G/T,A: 0.001% (1 / 114342); C: 89.270% (102073 / 114342); T: 10.729% (12268 / 114342)
HLA-A,rs1059542,T>A/G/T,A: 0.002% (3 / 119610); G: 87.581% (104755 / 119610); T: 12.417% (14852 / 119610)
HLA-A,rs543623321,A>A/C/G/T,A: 78.000% (93015 / 119250); C: 21.819% (26019 / 119250); G: 0.180% (214 / 119250); T: 0.002% (2 / 119250)
HLA-A,rs3098019,G>A/G/T,A: 0.136% (167 / 123152); C: 0.879% (1082 / 123152); G: 23.411% (28831 / 123152); T: 75.575% (93072 / 123152)
HLA-A,rs41563116,T>A/C/T,C: 0.913% (1060 / 116112); T: 99.087% (115052 / 116112)
HLA-A,rs41559916,G>A/C/G/T,A: 18.650% (20866 / 111880); G: 81.350% (91014 / 111880)
HLA-A,rs9391665,C>C/G/T,C: 82.109% (91974 / 112014); T: 17.891% (20040 / 112014)
HLA-A,rs199474578,G>A/C/G/T,A: 1.995% (2284 / 114464); G: 98.005% (112180 / 114464)
HLA-A,rs17185861,G>A/C/G/T,A: 78.205% (61 / 78); G: 21.795% (17 / 78)
HLA-A,rs41554520,G>A/C/G/T,C: 0.001% (1 / 108798); G: 62.685% (68200 / 108798); T: 37.314% (40597 / 108798)
HLA-A,rs2517725,A>C/G/T,C: 2.373% (2863 / 120662); G: 0.001% (1 / 120662); T: 97.626% (117798 / 120662)
HLA-A,rs200281525,G>A/G,A: 1.700% (20.876 / 1227.996); G: 98.300% (1207.120 / 1227.996)
HLA-A,rs17878838,C>A/C/T,A: 12.490% (15023 / 120278); C: 84.196% (101269 / 120278); T: 3.314% (3986 / 120278)
HLA-A,rs201850551,G>C/G,C: 1.418% (71 / 5008); G: 98.582% (4937 / 5008)
HLA-A,rs17179473,G>C/G/T,G: 97.293% (108739 / 111764); T: 2.707% (3025 / 111764)
HLA-A,rs3132687,C>C/T,C: 81.989% (4106 / 5008); T: 18.011% (902 / 5008)
HLA-A,rs17878860,A>A/G,A: 84.824% (4248 / 5008); G: 15.176% (760 / 5008)
HLA-B,rs114945721,A>A/G,A: 94.788% (4747 / 5008); G: 5.212% (261 / 5008)
HLA-B,rs9266066,C>C/T,C: 92.692% (4642 / 5008); T: 7.308% (366 / 5008)
HLA-B,rs28428768,T>C/T,C: 8.267% (414 / 5008); T: 91.733% (4594 / 5008)
HLA-B,rs35370128,T>A/T,A: 20.926% (1048 / 5008); T: 79.074% (3960 / 5008)
HLA-B,rs9266067,T>C/T,C: 12.061% (604 / 5008); T: 87.939% (4404 / 5008)
HLA-B,rs4644106,C>C/T,C: 17.772% (890 / 5008); T: 82.228% (4118 / 5008)
HLA-B,rs28380929,C>C/T,C: 17.772% (890 / 5008); T: 82.228% (4118 / 5008)
HLA-B,rs9266069,A>A/G,A: 19.209% (962 / 5008); G: 78.195% (3916 / 5008); T: 2.596% (130 / 5008)
HLA-B,rs28732140,G>A/G,A: 13.918% (697 / 5008); G: 86.082% (4311 / 5008)
HLA-B,rs9266070,T>A/T,A: 7.308% (366 / 5008); T: 92.692% (4642 / 5008)
HLA-B,rs9266071,C>C/T,C: 45.148% (2261 / 5008); T: 54.852% (2747 / 5008)
chr7q11,rs28627589,T>C/T,C: 32.428% (1624 / 5008); T: 67.572% (3384 / 5008)
chr7q11,rs28558501,G>A/G,A: 32.428% (1624 / 5008); G: 67.572% (3384 / 5008)
chr7q11,rs7797915,T>C/T,C: 62.021% (3106 / 5008); T: 37.979% (1902 / 5008)
chr7q11,rs62639075,T>G/T,G: 4.413% (221 / 5008); T: 95.587% (4787 / 5008)
chr7q11,rs7811535,C>C/T,C: 37.979% (1902 / 5008); T: 62.021% (3106 / 5008)
chr7q11,rs10949996,A>A/C,A: 70.947% (3553 / 5008); C: 29.054% (1455 / 5008)
chr7q11,rs66489595,G>G/T,G: 68.810% (3446 / 5008); T: 31.190% (1562 / 5008)
chr7q11,rs13234392,A>A/G,A: 37.959% (1901 / 5008); G: 62.041% (3107 / 5008)
chr11q22,rs12806313,G>A/G,A: 46.765% (2342 / 5008); G: 53.235% (2666 / 5008)
chr11q22,rs12808386,A>A/T,A: 53.215% (2665 / 5008); T: 46.785% (2343 / 5008)
chr11q22,rs12789715,T>G/T,G: 28.594% (1432 / 5008); T: 71.406% (3576 / 5008)
chr11q22,rs2048513,G>C/G,C: 46.785% (2343 / 5008); G: 53.215% (2665 / 5008)
chr11q22,rs79332646,C>C/T,C: 96.146% (4815 / 5008); T: 3.854% (193 / 5008)
chr11q22,rs200177514,->-/C,-: 95.926% (4804 / 5008); C: 4.073% (204 / 5008)
chr11q22,rs2048514,C>C/T,C: 53.255% (2667 / 5008); T: 46.745% (2341 / 5008)
chr11q22,rs72997286,T>G/T,G: 46.825% (2345 / 5008); T: 53.175% (2663 / 5008)
chr11q22,rs12789908,T>C/T,C: 46.625% (2335 / 5008); T: 53.375% (2673 / 5008)
HID,rs1490413,G>A/G,A: 50.060% (2507 / 5008); G: 49.940% (2501 / 5008)
HID,rs4847034,A>A/G,A: 37.161% (1861 / 5008); G: 62.840% (3147 / 5008)
HID,rs3780962,T>C/T,C: 50.220% (2515 / 5008); T: 49.780% (2493 / 5008)
HID,rs964681,T>C/T,C: 34.145% (1710 / 5008); T: 65.855% (3298 / 5008)
HID,rs1498553,C>C/T,C: 49.381% (2473 / 5008); T: 50.619% (2535 / 5008)
HID,rs901398,C>C/T,C: 33.606% (1683 / 5008); T: 66.394% (3325 / 5008)
HID,rs2269355,C>C/G,C: 48.588% (172 / 354); G: 50.000% (177 / 354); N: 1.412% (5 / 354)
HID,rs4530059,G>A/G,A: 31.210% (1563 / 5008); G: 68.790% (3445 / 5008)
HID,rs2016276,A>A/G,A: 77.696% (3891 / 5008); G: 22.304% (1117 / 5008)
HID,rs2342747,A>A/G,A: 34.026% (1704 / 5008); G: 65.974% (3304 / 5008)
HID,rs938283,T>C/T,C: 16.808% (119 / 708); T: 83.192% (589 / 708)
HID,rs2292972,T>C/T,C: 33.347% (1670 / 5008); T: 66.653% (3338 / 5008)
HID,rs1024116,G>A/G,A: 33.327% (1669 / 5008); G: 66.673% (3339 / 5008)
HID,rs576261,A>A/C,A: 56.110% (2810 / 5008); C: 43.890% (2198 / 5008)
HID,rs12997453,A>A/G,A: 35.164% (1761 / 5008); G: 64.836% (3247 / 5008)
HID,rs445251,C>C/G,C: 41.554% (2081 / 5008); G: 58.447% (2927 / 5008)
HID,rs1005533,G>A/G,A: 43.870% (2197 / 5008); G: 56.130% (2811 / 5008)
HID,rs2830795,A>A/G,A: 71.685% (3590 / 5008); G: 28.315% (1418 / 5008)
HID,rs221956,T>C/T,C: 63.419% (3176 / 5008); T: 36.582% (1832 / 5008)
HID,rs733164,G>A/G,A: 28.455% (1425 / 5008); G: 71.545% (3583 / 5008)
HID,rs4364205,T>G/T,G: 62.480% (3129 / 5008); T: 37.520% (1879 / 5008)
HID,rs1355366,A>A/G,A: 59.545% (2982 / 5008); G: 40.455% (2026 / 5008)
HID,rs6444724,T>C/T,C: 46.665% (2337 / 5008); T: 53.335% (2671 / 5008)
HID,rs1979255,G>C/G,C: 60.823% (3046 / 5008); G: 39.177% (1962 / 5008)
HID,rs159606,A>A/G,A: 34.385% (1722 / 5008); G: 65.615% (3286 / 5008)
HID,rs7704770,G>A/G,A: 60.443% (3027 / 5008); G: 39.557% (1981 / 5008)
HID,rs338882,C>C/T,C: 45.607% (2284 / 5008); T: 54.393% (2724 / 5008)
HID,rs13218440,G>A/G,A: 41.234% (2065 / 5008); G: 58.766% (2943 / 5008)
HID,rs6955448,C>C/T,C: 68.071% (3409 / 5008); T: 31.929% (1599 / 5008)
HID,rs7041158,C>C/T,C: 62.300% (3120 / 5008); T: 37.700% (1888 / 5008)
HID,rs1463729,G>A/G,A: 58.566% (2933 / 5008); G: 41.434% (2075 / 5008)
HID,rs1360288,C>C/T,C: 67.572% (3384 / 5008); T: 32.428% (1624 / 5008)
HID,rs9905977,A>A/G,A: 32.588% (1632 / 5008); G: 67.412% (3376 / 5008)
HID,rs35284970,C>C/T,C: 97.567% (1203 / 1233); T: 2.433% (30 / 1233)
HID,rs17250845,G>C/G,C: 6.164% (76 / 1233); G: 93.836% (1157 / 1233)
HID,rs3911,A>A/G,A: 97.810% (1206 / 1233); G: 2.190% (27 / 1233)
HID,P256,G>A/G,
